{"cameraMode":{"drawMode":0,"name":"Shaded","section":"Shading Mode"},"sceneLighting":false,"audioPlay":false,"sceneViewState":{"m_AlwaysRefresh":false,"showFog":true,"showSkybox":true,"showFlares":true,"showImageEffects":true,"showParticleSystems":true,"showVisualEffectGraphs":true,"m_FxEnabled":true},"in2DMode":false,"pivot":{"x":-0.7859488725662231,"y":1.775599718093872,"z":0.7681851387023926},"rotation":{"x":-0.06498566269874573,"y":0.9347816109657288,"z":-0.25751087069511416,"w":-0.23590192198753358},"size":5.686025142669678,"orthographic":false}